Invoice ID,Branch,City,Customer type,Gender,Product line,Unit price,Quantity,Tax 5%,Total,Date,Time,Payment,cogs,gross margin percentage,gross income,Rating
891c16f1,C,City A,Member,Male,Fashion accessories,20.53,6,6.16,129.34,2024-07-12,23:53:37,Ewallet,123.18,4.76,6.16,8.0
721920e0,C,City B,Normal,Female,Health and beauty,92.91,1,4.65,97.56,2025-02-26,01:09:16,Credit card,92.91,4.76,4.65,8.4
4e14f726,C,City B,Member,Male,Electronic accessories,35.93,5,8.98,188.63,2025-03-22,16:51:41,Credit card,179.65,4.76,8.98,6.0
f139037f,B,City B,Normal,Male,Food and beverages,29.77,9,13.4,281.33,2024-06-03,02:32:08,Credit card,267.93,4.76,13.4,4.3
d6225cfa,B,City B,Member,Male,Food and beverages,57.04,4,11.41,239.57,2024-07-08,03:39:21,Ewallet,228.16,4.76,11.41,4.9
c6fe2747,C,City C,Member,Female,Electronic accessories,74.75,5,18.69,392.44,2024-06-19,22:28:24,Ewallet,373.75,4.76,18.69,5.5
751fb35c,C,City A,Member,Female,Food and beverages,28.0,6,8.4,176.4,2025-03-05,10:28:55,Ewallet,168.0,4.76,8.4,7.7
17187fd9,C,City B,Normal,Female,Electronic accessories,80.3,7,28.11,590.21,2024-09-13,23:21:02,Ewallet,562.1,4.76,28.11,5.2
2b67bbfa,C,City C,Normal,Male,Electronic accessories,61.74,8,24.7,518.62,2024-05-06,03:08:52,Cash,493.92,4.76,24.7,8.2
a487d227,B,City B,Member,Male,Food and beverages,25.08,1,1.25,26.33,2024-09-14,06:58:28,Credit card,25.08,4.76,1.25,6.0
a2cf27a8,C,City A,Normal,Female,Food and beverages,11.85,6,3.55,74.65,2024-11-20,16:23:52,Credit card,71.1,4.76,3.55,6.5
2415905c,A,City A,Normal,Male,Electronic accessories,53.44,10,26.72,561.12,2024-10-11,15:19:04,Credit card,534.4,4.76,26.72,6.5
c96f635e,A,City C,Normal,Male,Food and beverages,75.76,1,3.79,79.55,2025-03-24,21:34:24,Cash,75.76,4.76,3.79,6.0
f1382072,A,City B,Member,Male,Sports and travel,59.06,8,23.62,496.1,2024-08-24,23:54:20,Cash,472.48,4.76,23.62,9.5
8b205d51,B,City B,Member,Female,Health and beauty,81.71,5,20.43,428.98,2025-01-04,12:20:44,Credit card,408.55,4.76,20.43,7.3
c5cd3eb1,B,City C,Normal,Male,Home and lifestyle,83.83,9,37.72,792.19,2025-02-25,06:48:12,Cash,754.47,4.76,37.72,7.0
be98fb3a,C,City C,Normal,Female,Electronic accessories,24.0,7,8.4,176.4,2024-05-06,10:31:01,Ewallet,168.0,4.76,8.4,8.8
6c45a910,A,City C,Member,Male,Fashion accessories,38.35,5,9.59,201.34,2024-07-13,12:28:43,Credit card,191.75,4.76,9.59,8.4
12618e90,C,City A,Normal,Male,Home and lifestyle,20.31,4,4.06,85.3,2025-01-02,03:38:28,Credit card,81.24,4.76,4.06,5.1
f1a0bf1e,A,City C,Member,Female,Fashion accessories,74.87,8,29.95,628.91,2025-03-26,05:47:59,Credit card,598.96,4.76,29.95,6.5
7429db69,A,City B,Member,Female,Health and beauty,49.73,2,4.97,104.43,2024-12-03,05:03:34,Ewallet,99.46,4.76,4.97,6.9
2ea59a9b,B,City B,Member,Female,Electronic accessories,47.1,10,23.55,494.55,2025-02-25,17:12:02,Cash,471.0,4.76,23.55,8.6
89bf09fb,B,City B,Member,Male,Fashion accessories,15.7,10,7.85,164.85,2024-07-22,20:15:16,Cash,157.0,4.76,7.85,5.8
9ec719d2,C,City A,Member,Male,Electronic accessories,86.85,2,8.69,182.39,2024-05-19,12:24:59,Credit card,173.7,4.76,8.69,9.5
a54cffbb,A,City A,Member,Male,Fashion accessories,90.45,7,31.66,664.81,2024-11-12,01:28:04,Credit card,633.15,4.76,31.66,7.3
52c98649,A,City B,Normal,Male,Sports and travel,99.93,8,39.97,839.41,2024-07-16,01:35:03,Ewallet,799.44,4.76,39.97,4.3
2d1f05bb,B,City C,Normal,Male,Home and lifestyle,23.73,10,11.87,249.17,2024-06-01,11:42:57,Ewallet,237.3,4.76,11.87,4.8
1f868996,B,City A,Normal,Female,Food and beverages,65.9,7,23.07,484.37,2024-09-13,18:04:55,Cash,461.3,4.76,23.07,6.2
872a72d7,B,City C,Normal,Female,Food and beverages,80.88,1,4.04,84.92,2025-03-15,14:25:55,Cash,80.88,4.76,4.04,5.4
addb7c64,C,City B,Member,Male,Health and beauty,69.3,2,6.93,145.53,2024-08-16,16:30:50,Ewallet,138.6,4.76,6.93,7.4
657f9f41,B,City A,Normal,Male,Sports and travel,71.21,8,28.48,598.16,2025-02-14,15:32:10,Ewallet,569.68,4.76,28.48,10.0
08805528,A,City B,Member,Female,Fashion accessories,86.06,6,25.82,542.18,2024-07-04,06:13:18,Ewallet,516.36,4.76,25.82,5.9
3a2ac9ed,C,City A,Normal,Female,Health and beauty,97.68,10,48.84,1025.64,2024-07-30,23:25:40,Ewallet,976.8,4.76,48.84,6.0
1ee9f1e6,C,City B,Member,Female,Fashion accessories,41.39,10,20.7,434.6,2024-05-28,21:29:47,Cash,413.9,4.76,20.7,5.7
ba9226e8,C,City A,Normal,Male,Food and beverages,31.78,8,12.71,266.95,2025-04-03,18:29:21,Cash,254.24,4.76,12.71,9.8
61415ec6,C,City B,Member,Male,Fashion accessories,52.91,7,18.52,388.89,2024-06-13,22:24:15,Cash,370.37,4.76,18.52,6.9
93b05750,C,City B,Normal,Male,Fashion accessories,46.17,5,11.54,242.39,2024-11-17,01:08:42,Credit card,230.85,4.76,11.54,9.8
dd03d097,A,City A,Normal,Male,Electronic accessories,49.25,7,17.24,361.99,2024-05-21,22:07:06,Credit card,344.75,4.76,17.24,5.2
15fcce8a,A,City B,Member,Female,Food and beverages,66.5,2,6.65,139.65,2024-09-30,12:48:57,Ewallet,133.0,4.76,6.65,8.9
7624370c,B,City A,Normal,Female,Home and lifestyle,35.71,5,8.93,187.48,2024-12-09,06:11:26,Credit card,178.55,4.76,8.93,8.4
fdfdc857,B,City C,Member,Male,Fashion accessories,21.06,4,4.21,88.45,2025-01-19,16:06:54,Ewallet,84.24,4.76,4.21,4.5
1cdb97e2,B,City A,Normal,Male,Health and beauty,95.01,1,4.75,99.76,2025-02-07,02:12:58,Ewallet,95.01,4.76,4.75,9.0
889481d8,C,City B,Member,Male,Home and lifestyle,28.5,2,2.85,59.85,2024-07-12,03:19:45,Ewallet,57.0,4.76,2.85,5.5
b08a5f94,B,City B,Normal,Male,Food and beverages,17.21,10,8.61,180.71,2025-03-30,00:25:14,Credit card,172.1,4.76,8.61,4.3
8bad69bc,B,City C,Member,Female,Sports and travel,50.02,9,22.51,472.69,2024-06-05,16:18:58,Ewallet,450.18,4.76,22.51,9.7
9d8a821d,A,City B,Member,Male,Home and lifestyle,39.98,4,8.0,167.92,2024-10-30,14:27:06,Cash,159.92,4.76,8.0,8.4
6c989896,C,City B,Normal,Female,Electronic accessories,90.45,1,4.52,94.97,2024-10-19,01:42:44,Credit card,90.45,4.76,4.52,8.5
50785aaf,B,City A,Normal,Female,Fashion accessories,85.52,8,34.21,718.37,2024-12-28,02:58:00,Credit card,684.16,4.76,34.21,7.7
3e5a0079,C,City B,Normal,Male,Fashion accessories,10.91,10,5.46,114.56,2025-03-05,04:04:42,Ewallet,109.1,4.76,5.46,9.8
c49acdb5,A,City B,Member,Male,Health and beauty,38.79,2,3.88,81.46,2025-03-17,21:43:40,Credit card,77.58,4.76,3.88,5.2
7e466756,C,City A,Member,Female,Sports and travel,14.94,8,5.98,125.5,2024-05-11,17:00:19,Ewallet,119.52,4.76,5.98,6.3
03459756,A,City B,Member,Male,Home and lifestyle,28.73,6,8.62,181.0,2024-09-01,20:08:12,Ewallet,172.38,4.76,8.62,5.7
2f9326ee,C,City C,Normal,Female,Home and lifestyle,66.96,5,16.74,351.54,2024-07-09,17:53:29,Credit card,334.8,4.76,16.74,7.8
0a079e8a,A,City C,Normal,Female,Fashion accessories,27.47,7,9.61,201.9,2025-01-10,17:18:34,Ewallet,192.29,4.76,9.61,9.3
c04408d0,C,City A,Member,Female,Health and beauty,21.96,9,9.88,207.52,2025-04-20,08:42:59,Credit card,197.64,4.76,9.88,8.6
99ccc40a,A,City C,Member,Female,Fashion accessories,23.52,3,3.53,74.09,2024-10-30,02:49:03,Ewallet,70.56,4.76,3.53,7.1
01fe0bd9,C,City C,Member,Female,Electronic accessories,46.91,8,18.76,394.04,2025-02-27,23:40:52,Credit card,375.28,4.76,18.76,6.9
537f9548,C,City C,Normal,Female,Sports and travel,22.81,2,2.28,47.9,2025-02-11,03:08:28,Credit card,45.62,4.76,2.28,9.7
73a8566f,A,City C,Normal,Male,Fashion accessories,56.19,4,11.24,236.0,2024-06-16,20:02:38,Ewallet,224.76,4.76,11.24,9.8
86544ab0,C,City A,Member,Male,Food and beverages,55.27,1,2.76,58.03,2025-01-19,16:28:00,Credit card,55.27,4.76,2.76,8.2
215b45a5,C,City B,Normal,Female,Sports and travel,68.83,4,13.77,289.09,2025-02-10,10:55:40,Cash,275.32,4.76,13.77,4.6
37c1b64e,C,City A,Normal,Female,Food and beverages,81.72,10,40.86,858.06,2025-03-09,08:26:45,Cash,817.2,4.76,40.86,6.1
0c6fbc23,A,City A,Normal,Male,Home and lifestyle,22.48,4,4.5,94.42,2024-07-11,21:06:14,Ewallet,89.92,4.76,4.5,7.9
4434465e,A,City C,Member,Female,Electronic accessories,48.32,9,21.74,456.62,2024-10-24,04:14:56,Ewallet,434.88,4.76,21.74,6.6
38f69dcb,B,City B,Member,Male,Electronic accessories,97.9,8,39.16,822.36,2024-11-18,04:06:10,Credit card,783.2,4.76,39.16,7.9
8e3b378f,B,City C,Member,Male,Health and beauty,30.44,4,6.09,127.85,2024-10-10,10:04:55,Cash,121.76,4.76,6.09,9.5
0182f019,A,City C,Normal,Male,Health and beauty,67.4,10,33.7,707.7,2024-12-14,06:18:09,Ewallet,674.0,4.76,33.7,6.1
ccb4de0d,B,City B,Normal,Female,Electronic accessories,89.45,4,17.89,375.69,2024-05-02,11:14:39,Cash,357.8,4.76,17.89,8.2
21bdab17,B,City B,Normal,Male,Health and beauty,14.85,8,5.94,124.74,2024-12-19,04:45:38,Cash,118.8,4.76,5.94,7.4
8a617aa5,A,City C,Member,Female,Health and beauty,26.99,6,8.1,170.04,2024-06-11,16:08:00,Credit card,161.94,4.76,8.1,9.5
02d624cd,B,City C,Member,Male,Health and beauty,63.65,2,6.37,133.67,2025-04-15,03:49:57,Cash,127.3,4.76,6.37,4.9
ad5c6422,B,City C,Member,Male,Home and lifestyle,40.62,5,10.16,213.26,2024-11-12,20:00:24,Ewallet,203.1,4.76,10.16,8.7
bd9ae967,C,City C,Normal,Male,Sports and travel,51.94,5,12.98,272.68,2025-02-24,04:14:31,Credit card,259.7,4.76,12.98,4.4
bfdb03e6,B,City C,Member,Female,Home and lifestyle,65.85,5,16.46,345.71,2024-08-31,12:02:56,Ewallet,329.25,4.76,16.46,7.7
4379963f,C,City C,Member,Female,Health and beauty,36.92,10,18.46,387.66,2024-12-29,04:34:19,Cash,369.2,4.76,18.46,5.5
c68f2ffa,A,City C,Normal,Male,Home and lifestyle,87.78,1,4.39,92.17,2025-01-19,03:57:05,Credit card,87.78,4.76,4.39,4.5
af610b02,B,City A,Normal,Male,Food and beverages,32.63,7,11.42,239.83,2025-02-15,02:11:42,Cash,228.41,4.76,11.42,4.6
aadde779,B,City C,Member,Male,Sports and travel,39.04,10,19.52,409.92,2025-02-12,07:58:00,Cash,390.4,4.76,19.52,6.4
b89ab44d,A,City A,Normal,Female,Health and beauty,41.49,5,10.37,217.82,2024-06-16,14:08:57,Credit card,207.45,4.76,10.37,6.2
3d95b7ea,A,City C,Member,Male,Health and beauty,12.55,8,5.02,105.42,2025-04-24,06:50:46,Cash,100.4,4.76,5.02,9.2
68c51025,C,City B,Member,Male,Fashion accessories,89.8,2,8.98,188.58,2024-04-27,09:20:52,Cash,179.6,4.76,8.98,4.4
dd0e813f,B,City B,Normal,Male,Home and lifestyle,73.48,10,36.74,771.54,2025-01-23,20:15:00,Ewallet,734.8,4.76,36.74,9.7
d82a50cc,A,City C,Normal,Male,Home and lifestyle,33.7,6,10.11,212.31,2025-02-17,05:22:25,Credit card,202.2,4.76,10.11,6.5
5359810a,B,City A,Member,Male,Sports and travel,43.0,5,10.75,225.75,2024-12-27,13:24:16,Cash,215.0,4.76,10.75,4.9
be0e0784,B,City B,Member,Female,Electronic accessories,69.24,10,34.62,727.02,2024-05-19,08:26:47,Cash,692.4,4.76,34.62,6.3
809a9ec0,A,City C,Member,Male,Health and beauty,82.7,8,33.08,694.68,2024-10-10,08:53:38,Ewallet,661.6,4.76,33.08,6.2
2e79ee41,B,City C,Normal,Female,Sports and travel,13.02,9,5.86,123.04,2024-05-11,05:56:14,Credit card,117.18,4.76,5.86,5.7
f54492f0,B,City C,Member,Female,Electronic accessories,26.39,5,6.6,138.55,2024-05-20,20:32:53,Credit card,131.95,4.76,6.6,6.1
289c49b1,A,City B,Member,Female,Home and lifestyle,95.03,3,14.25,299.34,2024-11-30,00:43:55,Cash,285.09,4.76,14.25,8.7
84a69b7d,B,City A,Member,Male,Electronic accessories,74.17,3,11.13,233.64,2024-09-20,09:12:22,Ewallet,222.51,4.76,11.13,8.7
c36efe52,A,City B,Member,Male,Fashion accessories,38.08,10,19.04,399.84,2024-06-28,21:08:15,Ewallet,380.8,4.76,19.04,5.6
674bc19a,B,City C,Normal,Male,Fashion accessories,83.1,9,37.4,785.3,2024-08-11,08:22:05,Credit card,747.9,4.76,37.4,6.7
50bef7b3,C,City A,Normal,Male,Electronic accessories,28.66,4,5.73,120.37,2024-11-29,21:30:31,Ewallet,114.64,4.76,5.73,9.6
4f3937dd,B,City C,Member,Male,Food and beverages,44.17,2,4.42,92.76,2025-01-10,15:10:48,Cash,88.34,4.76,4.42,6.0
20dada1e,B,City B,Normal,Female,Food and beverages,62.98,5,15.74,330.64,2025-03-12,13:59:47,Credit card,314.9,4.76,15.74,8.9
f51db3f5,B,City C,Normal,Female,Home and lifestyle,25.02,5,6.25,131.35,2024-06-10,17:15:25,Credit card,125.1,4.76,6.25,6.2
7f1c5793,B,City C,Normal,Female,Sports and travel,47.74,3,7.16,150.38,2025-01-25,10:27:59,Cash,143.22,4.76,7.16,6.7
0de6fe49,A,City A,Member,Female,Health and beauty,29.05,7,10.17,213.52,2024-12-06,10:18:51,Ewallet,203.35,4.76,10.17,4.6
84539576,C,City B,Normal,Female,Electronic accessories,46.35,7,16.22,340.67,2024-07-06,06:49:05,Credit card,324.45,4.76,16.22,4.9
9ae5307f,A,City C,Member,Male,Home and lifestyle,43.13,1,2.16,45.29,2024-08-23,07:31:32,Ewallet,43.13,4.76,2.16,4.8
81cf6643,B,City C,Member,Female,Home and lifestyle,70.26,2,7.03,147.55,2024-10-21,22:15:15,Credit card,140.52,4.76,7.03,7.1
abff181d,B,City C,Normal,Female,Electronic accessories,33.98,9,15.29,321.11,2024-10-24,10:26:30,Credit card,305.82,4.76,15.29,6.3
ea929d36,A,City C,Member,Male,Sports and travel,74.35,1,3.72,78.07,2024-04-30,04:00:01,Ewallet,74.35,4.76,3.72,6.6
ef652dc9,A,City A,Normal,Male,Food and beverages,57.63,4,11.53,242.05,2024-06-10,23:14:36,Credit card,230.52,4.76,11.53,8.7
4a09ab2c,C,City B,Normal,Female,Sports and travel,58.98,8,23.59,495.43,2024-08-19,04:44:45,Ewallet,471.84,4.76,23.59,4.2
0f7d8668,A,City A,Member,Female,Food and beverages,15.33,4,3.07,64.39,2024-11-08,03:30:07,Credit card,61.32,4.76,3.07,4.7
d3e7c58a,B,City C,Member,Female,Home and lifestyle,19.39,5,4.85,101.8,2025-01-25,00:13:20,Credit card,96.95,4.76,4.85,5.8
9280b3d3,B,City B,Normal,Female,Home and lifestyle,92.82,7,32.49,682.23,2024-06-01,17:06:50,Ewallet,649.74,4.76,32.49,7.9
196dd952,B,City A,Member,Male,Electronic accessories,66.65,6,20.0,419.9,2024-05-08,05:17:02,Credit card,399.9,4.76,20.0,9.2
105a1b09,B,City B,Member,Female,Food and beverages,46.25,10,23.12,485.62,2024-06-23,18:54:48,Credit card,462.5,4.76,23.12,5.0
149d6d7f,A,City C,Normal,Male,Health and beauty,25.02,5,6.25,131.35,2024-07-08,13:45:08,Cash,125.1,4.76,6.25,8.8
f409cc87,C,City A,Member,Female,Health and beauty,16.08,8,6.43,135.07,2025-02-12,05:38:28,Cash,128.64,4.76,6.43,8.5
9803a555,A,City A,Member,Female,Home and lifestyle,12.49,1,0.62,13.11,2025-04-03,10:01:28,Credit card,12.49,4.76,0.62,7.5
80270d20,A,City A,Member,Female,Food and beverages,63.34,1,3.17,66.51,2024-09-25,13:10:55,Credit card,63.34,4.76,3.17,10.0
dd4fa0e7,C,City A,Normal,Female,Health and beauty,16.17,2,1.62,33.96,2025-02-20,17:25:58,Ewallet,32.34,4.76,1.62,5.3
61eeae58,A,City C,Normal,Female,Electronic accessories,38.77,1,1.94,40.71,2024-10-09,20:53:10,Ewallet,38.77,4.76,1.94,8.6
2c5a3167,B,City C,Normal,Male,Food and beverages,84.9,7,29.72,624.02,2024-10-31,06:49:29,Cash,594.3,4.76,29.72,6.7
4ecbf926,B,City B,Normal,Female,Electronic accessories,35.37,1,1.77,37.14,2024-06-15,01:55:39,Cash,35.37,4.76,1.77,8.6
d6492b21,A,City A,Normal,Female,Sports and travel,17.97,2,1.8,37.74,2024-06-11,05:47:10,Credit card,35.94,4.76,1.8,7.5
eb9a5772,A,City B,Normal,Male,Food and beverages,79.48,5,19.87,417.27,2024-08-12,05:33:56,Ewallet,397.4,4.76,19.87,5.4
a1e8ace6,B,City C,Normal,Male,Food and beverages,84.86,2,8.49,178.21,2024-05-26,11:03:45,Cash,169.72,4.76,8.49,9.7
b49dfed6,A,City C,Normal,Female,Home and lifestyle,51.17,5,12.79,268.64,2025-02-25,02:48:01,Ewallet,255.85,4.76,12.79,5.0
b863797f,A,City B,Normal,Female,Food and beverages,56.53,10,28.27,593.57,2024-11-11,08:03:25,Cash,565.3,4.76,28.27,4.0
e6ca56be,B,City B,Normal,Female,Electronic accessories,94.89,4,18.98,398.54,2024-10-05,02:19:33,Ewallet,379.56,4.76,18.98,7.8
9d24aec1,A,City B,Member,Male,Electronic accessories,52.21,9,23.49,493.38,2024-10-13,07:56:38,Credit card,469.89,4.76,23.49,6.1
4f66ffae,C,City A,Member,Female,Food and beverages,39.78,2,3.98,83.54,2024-10-05,00:58:58,Credit card,79.56,4.76,3.98,5.5
bf167259,C,City B,Member,Male,Electronic accessories,15.16,2,1.52,31.84,2024-06-09,11:38:41,Cash,30.32,4.76,1.52,6.3
26947789,B,City A,Member,Female,Sports and travel,83.94,9,37.77,793.23,2024-10-17,00:35:54,Cash,755.46,4.76,37.77,6.3
32c2b8d1,A,City C,Normal,Male,Home and lifestyle,31.63,10,15.82,332.12,2025-04-09,16:50:34,Cash,316.3,4.76,15.82,6.0
906dc95b,A,City A,Normal,Female,Food and beverages,97.17,8,38.87,816.23,2024-09-19,02:12:15,Cash,777.36,4.76,38.87,5.6
ef880afe,B,City B,Normal,Female,Home and lifestyle,63.34,7,22.17,465.55,2024-09-10,02:11:02,Cash,443.38,4.76,22.17,4.5
48b1373c,A,City C,Member,Male,Sports and travel,33.08,4,6.62,138.94,2024-11-02,06:37:11,Cash,132.32,4.76,6.62,4.8
526990ef,A,City A,Normal,Male,Home and lifestyle,95.75,8,38.3,804.3,2024-11-01,20:28:48,Ewallet,766.0,4.76,38.3,6.7
3eaf4b9f,B,City C,Normal,Female,Home and lifestyle,83.5,5,20.88,438.38,2024-09-08,13:19:23,Ewallet,417.5,4.76,20.88,4.7
26e1c9b8,A,City A,Normal,Female,Home and lifestyle,77.43,2,7.74,162.6,2025-03-13,22:53:12,Credit card,154.86,4.76,7.74,4.0
4af2e3d9,A,City C,Member,Male,Electronic accessories,98.5,8,39.4,827.4,2024-08-12,06:33:35,Ewallet,788.0,4.76,39.4,6.0
c1ca4570,A,City B,Member,Male,Food and beverages,34.48,6,10.34,217.22,2025-01-15,07:17:02,Credit card,206.88,4.76,10.34,8.5
e5ea4580,A,City C,Member,Female,Health and beauty,45.49,9,20.47,429.88,2024-05-29,19:59:35,Ewallet,409.41,4.76,20.47,5.7
ac3506de,B,City C,Member,Male,Food and beverages,96.26,7,33.69,707.51,2024-05-22,08:01:52,Cash,673.82,4.76,33.69,4.9
8e722529,B,City C,Member,Male,Food and beverages,46.47,1,2.32,48.79,2025-02-03,03:50:35,Ewallet,46.47,4.76,2.32,6.6
6ccf9c10,A,City C,Normal,Male,Food and beverages,66.17,5,16.54,347.39,2025-02-06,21:24:14,Cash,330.85,4.76,16.54,5.6
32b4e394,A,City C,Member,Male,Sports and travel,16.93,9,7.62,159.99,2024-07-18,02:10:46,Ewallet,152.37,4.76,7.62,6.7
74aa6a3a,A,City C,Member,Female,Home and lifestyle,22.28,7,7.8,163.76,2024-11-20,03:33:46,Cash,155.96,4.76,7.8,7.2
7c8b69db,B,City C,Member,Male,Fashion accessories,72.1,7,25.23,529.93,2024-08-08,11:05:38,Cash,504.7,4.76,25.23,6.3
a5b08531,C,City B,Normal,Female,Home and lifestyle,90.41,3,13.56,284.79,2024-07-29,06:19:09,Cash,271.23,4.76,13.56,8.0
3466bd06,A,City A,Member,Male,Home and lifestyle,54.27,6,16.28,341.9,2025-01-16,02:20:01,Credit card,325.62,4.76,16.28,4.9
48c29892,C,City C,Member,Male,Food and beverages,43.83,8,17.53,368.17,2024-07-20,17:41:28,Cash,350.64,4.76,17.53,9.4
8d937fad,C,City A,Member,Male,Food and beverages,78.11,6,23.43,492.09,2024-04-25,13:18:34,Ewallet,468.66,4.76,23.43,9.9
26c0c492,A,City A,Normal,Male,Sports and travel,27.29,3,4.09,85.96,2024-08-21,10:01:37,Ewallet,81.87,4.76,4.09,9.1
c2ef5208,A,City C,Normal,Male,Health and beauty,81.44,5,20.36,427.56,2024-11-28,03:12:36,Credit card,407.2,4.76,20.36,8.6
aa7c58f9,B,City A,Normal,Male,Health and beauty,51.29,4,10.26,215.42,2025-03-10,17:08:40,Credit card,205.16,4.76,10.26,7.2
ddb51a54,C,City B,Member,Male,Fashion accessories,75.2,3,11.28,236.88,2024-06-29,02:24:47,Ewallet,225.6,4.76,11.28,7.5
320bba84,B,City A,Normal,Female,Electronic accessories,62.75,4,12.55,263.55,2024-06-01,12:15:49,Credit card,251.0,4.76,12.55,7.5
c9d05a01,C,City C,Normal,Male,Electronic accessories,34.01,7,11.9,249.97,2024-06-03,18:36:49,Cash,238.07,4.76,11.9,9.9
5ccd508c,A,City A,Normal,Male,Sports and travel,35.06,3,5.26,110.44,2024-10-23,23:06:49,Cash,105.18,4.76,5.26,5.1
c4ba24a0,B,City C,Member,Female,Food and beverages,13.58,9,6.11,128.33,2025-03-17,11:20:38,Credit card,122.22,4.76,6.11,9.5
47f7df0b,C,City C,Normal,Male,Electronic accessories,57.88,2,5.79,121.55,2024-12-12,21:06:03,Credit card,115.76,4.76,5.79,7.3
6856de89,A,City C,Normal,Female,Health and beauty,47.32,5,11.83,248.43,2024-05-10,14:14:09,Credit card,236.6,4.76,11.83,10.0
ae3ae5b2,C,City A,Normal,Female,Home and lifestyle,27.03,9,12.16,255.43,2024-06-04,15:19:49,Ewallet,243.27,4.76,12.16,8.5
5c81e30d,B,City C,Member,Male,Sports and travel,13.5,8,5.4,113.4,2024-06-12,11:33:03,Ewallet,108.0,4.76,5.4,7.4
e46f3a8d,C,City A,Member,Female,Fashion accessories,22.72,9,10.22,214.7,2024-12-07,07:35:35,Credit card,204.48,4.76,10.22,5.3
8675e7f0,C,City B,Member,Male,Sports and travel,97.76,5,24.44,513.24,2024-08-01,02:05:55,Ewallet,488.8,4.76,24.44,5.8
5b42f5e1,A,City C,Normal,Male,Home and lifestyle,57.51,1,2.88,60.39,2024-05-29,06:57:58,Cash,57.51,4.76,2.88,4.2
1ae86dbc,A,City A,Member,Female,Electronic accessories,71.91,2,7.19,151.01,2025-04-23,23:18:52,Ewallet,143.82,4.76,7.19,6.0
7532f9af,B,City B,Normal,Male,Sports and travel,40.24,9,18.11,380.27,2024-07-28,00:03:03,Credit card,362.16,4.76,18.11,8.2
dec77b61,C,City B,Member,Male,Home and lifestyle,71.18,6,21.35,448.43,2025-01-04,06:07:32,Cash,427.08,4.76,21.35,9.3
7e17e1dd,A,City B,Normal,Male,Health and beauty,85.01,4,17.0,357.04,2025-03-13,04:36:15,Ewallet,340.04,4.76,17.0,4.8
3897ec66,C,City C,Normal,Male,Fashion accessories,80.51,9,36.23,760.82,2024-06-14,18:05:42,Cash,724.59,4.76,36.23,5.1
4f985b1a,B,City B,Member,Male,Fashion accessories,80.89,7,28.31,594.54,2024-12-21,16:04:50,Credit card,566.23,4.76,28.31,9.9
6e3a129e,B,City C,Normal,Female,Fashion accessories,94.01,6,28.2,592.26,2024-12-31,22:38:41,Credit card,564.06,4.76,28.2,8.9
20302970,C,City A,Normal,Male,Electronic accessories,32.88,5,8.22,172.62,2024-09-10,09:36:24,Credit card,164.4,4.76,8.22,6.2
960341d7,B,City A,Member,Female,Fashion accessories,59.32,4,11.86,249.14,2024-11-19,09:33:55,Cash,237.28,4.76,11.86,4.7
21799c4c,C,City A,Member,Female,Sports and travel,68.36,9,30.76,646.0,2024-09-27,15:53:19,Ewallet,615.24,4.76,30.76,5.5
cf6df67b,B,City C,Member,Female,Home and lifestyle,19.11,4,3.82,80.26,2025-01-20,19:15:49,Cash,76.44,4.76,3.82,5.3
97d33fb3,A,City A,Normal,Male,Sports and travel,96.81,9,43.56,914.85,2024-09-04,03:39:09,Credit card,871.29,4.76,43.56,5.9
01001994,A,City C,Normal,Male,Sports and travel,55.93,6,16.78,352.36,2024-10-25,23:12:41,Cash,335.58,4.76,16.78,4.4
fe24c4a6,C,City B,Normal,Male,Health and beauty,81.85,4,16.37,343.77,2024-09-18,00:38:00,Credit card,327.4,4.76,16.37,6.6
e662244d,C,City C,Normal,Female,Food and beverages,62.5,2,6.25,131.25,2024-11-23,00:07:30,Ewallet,125.0,4.76,6.25,4.8
457eb2ea,A,City C,Member,Female,Home and lifestyle,54.3,9,24.44,513.14,2024-09-21,23:18:29,Credit card,488.7,4.76,24.44,8.4
a5ab8854,C,City C,Normal,Female,Health and beauty,46.34,2,4.63,97.31,2024-06-21,00:08:49,Cash,92.68,4.76,4.63,9.1
d467a039,A,City B,Normal,Male,Electronic accessories,35.9,2,3.59,75.39,2024-06-05,01:30:11,Ewallet,71.8,4.76,3.59,4.1
ca07bdbf,C,City C,Member,Female,Sports and travel,65.39,1,3.27,68.66,2024-05-11,13:47:15,Ewallet,65.39,4.76,3.27,7.4
d1c58813,A,City A,Member,Male,Food and beverages,24.92,1,1.25,26.17,2025-02-06,00:00:35,Ewallet,24.92,4.76,1.25,7.1
3d82ed11,A,City A,Normal,Female,Food and beverages,17.82,8,7.13,149.69,2024-12-01,17:51:52,Credit card,142.56,4.76,7.13,6.4
260b3d42,A,City C,Member,Male,Electronic accessories,80.5,7,28.18,591.68,2024-07-07,10:33:53,Cash,563.5,4.76,28.18,5.6
cd845e88,A,City A,Member,Female,Food and beverages,99.57,5,24.89,522.74,2025-01-12,04:38:33,Credit card,497.85,4.76,24.89,8.9
49bf9b0d,A,City B,Normal,Female,Fashion accessories,33.62,10,16.81,353.01,2025-02-05,00:32:25,Cash,336.2,4.76,16.81,10.0
5808b463,A,City C,Member,Male,Food and beverages,22.21,4,4.44,93.28,2024-10-18,04:55:02,Ewallet,88.84,4.76,4.44,4.1
25823c53,A,City B,Normal,Female,Fashion accessories,98.28,9,44.23,928.75,2024-09-01,01:05:00,Credit card,884.52,4.76,44.23,7.2
44489d4e,C,City C,Member,Male,Sports and travel,58.81,5,14.7,308.75,2024-07-13,19:08:25,Ewallet,294.05,4.76,14.7,5.5
3dc2417d,A,City C,Member,Female,Fashion accessories,76.66,4,15.33,321.97,2025-01-23,05:58:04,Credit card,306.64,4.76,15.33,8.2
01c3e3ba,A,City C,Member,Male,Home and lifestyle,42.15,6,12.64,265.54,2025-03-28,11:44:44,Cash,252.9,4.76,12.64,5.7
227032d2,A,City C,Normal,Female,Fashion accessories,75.81,7,26.53,557.2,2024-07-04,04:13:33,Ewallet,530.67,4.76,26.53,5.6
f24df9b4,A,City B,Member,Male,Food and beverages,20.24,6,6.07,127.51,2024-05-19,20:05:25,Credit card,121.44,4.76,6.07,9.6
e604f59f,B,City A,Normal,Female,Food and beverages,46.48,10,23.24,488.04,2024-10-29,02:20:29,Cash,464.8,4.76,23.24,9.7
29f20e22,A,City C,Member,Male,Home and lifestyle,13.73,10,6.87,144.17,2024-12-15,04:04:21,Cash,137.3,4.76,6.87,9.5
855ba8f5,B,City B,Member,Male,Fashion accessories,69.81,1,3.49,73.3,2024-06-19,12:15:58,Cash,69.81,4.76,3.49,8.1
1d5f6e30,C,City A,Member,Male,Electronic accessories,17.51,7,6.13,128.7,2024-07-26,11:15:50,Ewallet,122.57,4.76,6.13,7.7
e19f7d1d,A,City A,Member,Female,Fashion accessories,33.8,1,1.69,35.49,2025-01-18,05:10:36,Credit card,33.8,4.76,1.69,6.2
1d395682,C,City B,Normal,Female,Electronic accessories,10.39,8,4.16,87.28,2024-08-02,06:08:03,Cash,83.12,4.76,4.16,4.0
af759a62,C,City B,Normal,Male,Food and beverages,90.62,3,13.59,285.45,2025-03-12,21:46:40,Cash,271.86,4.76,13.59,5.9
9ee71f80,B,City B,Normal,Female,Food and beverages,57.14,9,25.71,539.97,2024-05-10,02:39:20,Ewallet,514.26,4.76,25.71,9.8
87fba5b7,C,City C,Member,Female,Electronic accessories,32.35,4,6.47,135.87,2024-11-03,09:58:03,Credit card,129.4,4.76,6.47,5.9
e3dab59d,A,City C,Normal,Female,Electronic accessories,21.68,4,4.34,91.06,2025-03-23,22:09:16,Cash,86.72,4.76,4.34,9.4
6388a479,C,City A,Member,Female,Electronic accessories,36.76,2,3.68,77.2,2024-08-22,12:13:56,Cash,73.52,4.76,3.68,8.3
6fb7a233,A,City B,Normal,Male,Health and beauty,10.36,8,4.14,87.02,2024-12-10,21:17:27,Ewallet,82.88,4.76,4.14,5.0
6e4af4b0,C,City C,Member,Male,Sports and travel,68.08,1,3.4,71.48,2024-09-05,14:00:19,Cash,68.08,4.76,3.4,6.3
04f8c8b3,A,City B,Member,Male,Health and beauty,74.1,7,25.93,544.63,2025-03-06,12:57:16,Ewallet,518.7,4.76,25.93,8.1
cb10f5c4,A,City B,Member,Female,Health and beauty,50.12,4,10.02,210.5,2024-07-30,00:02:52,Cash,200.48,4.76,10.02,7.6
7d169fbb,B,City A,Member,Female,Fashion accessories,12.06,4,2.41,50.65,2025-02-16,04:29:25,Cash,48.24,4.76,2.41,5.2
c9ca8649,B,City B,Normal,Female,Sports and travel,23.13,10,11.56,242.86,2024-06-06,05:50:10,Cash,231.3,4.76,11.56,4.4
4180320e,C,City B,Member,Female,Health and beauty,84.53,7,29.59,621.3,2024-09-09,04:45:26,Ewallet,591.71,4.76,29.59,9.1
ca7eab34,A,City C,Normal,Male,Fashion accessories,10.4,1,0.52,10.92,2024-07-02,01:16:31,Cash,10.4,4.76,0.52,5.7
b1afc302,A,City B,Normal,Male,Home and lifestyle,27.52,1,1.38,28.9,2024-09-27,09:34:44,Credit card,27.52,4.76,1.38,5.2
493a7bb6,B,City A,Normal,Female,Electronic accessories,91.32,1,4.57,95.89,2025-02-07,23:56:18,Credit card,91.32,4.76,4.57,8.7
4e02df0f,C,City C,Normal,Male,Electronic accessories,54.98,2,5.5,115.46,2024-07-27,13:45:29,Credit card,109.96,4.76,5.5,5.1
bae1206d,A,City B,Member,Female,Food and beverages,40.36,2,4.04,84.76,2024-11-17,13:35:38,Cash,80.72,4.76,4.04,10.0
a41e7eb3,B,City C,Normal,Female,Food and beverages,73.22,7,25.63,538.17,2025-04-14,02:46:07,Cash,512.54,4.76,25.63,7.1
c624942d,A,City C,Member,Male,Home and lifestyle,88.96,8,35.58,747.26,2024-12-27,12:34:27,Credit card,711.68,4.76,35.58,4.3
d6679347,C,City B,Member,Female,Home and lifestyle,35.24,10,17.62,370.02,2024-08-11,04:23:05,Credit card,352.4,4.76,17.62,7.1
6880170f,B,City C,Normal,Female,Fashion accessories,13.21,6,3.96,83.22,2025-01-22,22:43:39,Ewallet,79.26,4.76,3.96,4.1
9647ae09,A,City B,Normal,Male,Sports and travel,74.3,5,18.57,390.07,2025-01-20,08:46:00,Ewallet,371.5,4.76,18.57,9.3
ec38a44f,C,City B,Member,Male,Health and beauty,25.84,5,6.46,135.66,2024-05-14,11:50:30,Cash,129.2,4.76,6.46,9.7
fa948a99,A,City C,Normal,Female,Health and beauty,77.45,8,30.98,650.58,2025-01-25,21:33:20,Cash,619.6,4.76,30.98,5.2
8b434cbe,B,City B,Member,Male,Home and lifestyle,69.74,9,31.38,659.04,2024-05-22,17:29:18,Cash,627.66,4.76,31.38,7.9
d936f40b,C,City C,Member,Male,Fashion accessories,98.0,4,19.6,411.6,2025-03-23,05:21:54,Ewallet,392.0,4.76,19.6,8.3
0e27d6c0,C,City B,Member,Male,Fashion accessories,53.34,4,10.67,224.03,2024-08-17,13:07:49,Cash,213.36,4.76,10.67,7.2
beb0a9e8,B,City C,Normal,Male,Electronic accessories,20.83,4,4.17,87.49,2024-11-12,06:12:23,Ewallet,83.32,4.76,4.17,6.2
d5ba5150,B,City B,Normal,Male,Health and beauty,80.75,8,32.3,678.3,2024-05-14,13:22:43,Ewallet,646.0,4.76,32.3,4.3
2f991e0d,A,City C,Member,Female,Food and beverages,38.47,6,11.54,242.36,2024-12-07,06:47:39,Cash,230.82,4.76,11.54,7.4
33d04d29,A,City C,Normal,Female,Food and beverages,53.19,6,15.96,335.1,2024-07-01,23:33:15,Credit card,319.14,4.76,15.96,8.2
700cf30f,A,City C,Member,Male,Electronic accessories,86.74,5,21.69,455.39,2025-02-08,10:59:01,Credit card,433.7,4.76,21.69,4.5
8acef235,A,City B,Normal,Male,Electronic accessories,83.87,2,8.39,176.13,2024-09-08,01:59:15,Ewallet,167.74,4.76,8.39,5.3
405bdcec,B,City A,Normal,Female,Electronic accessories,51.06,6,15.32,321.68,2024-05-23,05:46:37,Credit card,306.36,4.76,15.32,5.3
86b443f6,A,City C,Member,Male,Food and beverages,97.67,1,4.88,102.55,2024-11-24,01:05:36,Ewallet,97.67,4.76,4.88,6.5
08ef4ddf,B,City B,Normal,Female,Sports and travel,74.29,3,11.14,234.01,2024-05-01,06:43:55,Ewallet,222.87,4.76,11.14,9.2
7776ad0a,B,City B,Member,Female,Health and beauty,43.8,7,15.33,321.93,2024-11-28,09:31:21,Credit card,306.6,4.76,15.33,6.1
f07cd147,B,City B,Member,Female,Food and beverages,52.79,3,7.92,166.29,2024-12-21,08:57:06,Cash,158.37,4.76,7.92,8.7
32fd6903,A,City B,Member,Male,Health and beauty,84.03,7,29.41,617.62,2024-08-09,07:20:55,Ewallet,588.21,4.76,29.41,9.5
e7fd7132,A,City A,Member,Female,Electronic accessories,74.07,6,22.22,466.64,2025-02-23,18:41:26,Cash,444.42,4.76,22.22,4.2
dbe1e99f,C,City C,Normal,Female,Fashion accessories,68.52,2,6.85,143.89,2025-02-06,21:12:42,Ewallet,137.04,4.76,6.85,9.3
0c8d5ac3,C,City A,Member,Female,Fashion accessories,47.53,9,21.39,449.16,2025-03-03,07:53:58,Cash,427.77,4.76,21.39,4.8
656283c5,C,City B,Member,Male,Electronic accessories,44.31,7,15.51,325.68,2024-12-15,13:26:27,Credit card,310.17,4.76,15.51,8.6
caec7d47,A,City C,Member,Male,Sports and travel,46.33,3,6.95,145.94,2024-11-13,17:53:14,Ewallet,138.99,4.76,6.95,5.7
47cc8c0f,B,City A,Normal,Female,Food and beverages,15.66,9,7.05,147.99,2025-03-19,17:03:01,Ewallet,140.94,4.76,7.05,9.1
ebebbca5,A,City C,Member,Female,Home and lifestyle,46.61,4,9.32,195.76,2025-01-06,03:54:51,Ewallet,186.44,4.76,9.32,8.2
313ee8ab,B,City C,Member,Female,Electronic accessories,52.5,5,13.12,275.62,2024-07-20,05:56:38,Credit card,262.5,4.76,13.12,9.4
27aa685a,A,City C,Normal,Female,Health and beauty,24.04,2,2.4,50.48,2024-06-18,16:41:40,Credit card,48.08,4.76,2.4,5.0
4ac11020,C,City B,Member,Male,Electronic accessories,86.59,10,43.3,909.2,2024-11-05,03:30:35,Credit card,865.9,4.76,43.3,7.9
ded5d86d,C,City C,Member,Male,Electronic accessories,36.34,8,14.54,305.26,2024-07-10,20:11:11,Ewallet,290.72,4.76,14.54,9.0
c7ac936b,B,City C,Member,Male,Health and beauty,15.12,4,3.02,63.5,2024-07-16,00:42:53,Credit card,60.48,4.76,3.02,4.4
a6988ce8,C,City C,Member,Male,Electronic accessories,11.36,8,4.54,95.42,2024-10-08,02:08:29,Credit card,90.88,4.76,4.54,9.3
8391a1e9,A,City A,Normal,Female,Health and beauty,83.81,1,4.19,88.0,2024-09-27,13:54:49,Cash,83.81,4.76,4.19,4.3
dce0ab73,C,City B,Normal,Male,Health and beauty,17.64,4,3.53,74.09,2025-04-14,19:04:10,Cash,70.56,4.76,3.53,8.8
a8df155b,B,City B,Normal,Female,Electronic accessories,31.18,5,7.8,163.7,2024-11-22,13:52:12,Cash,155.9,4.76,7.8,5.4
863d77b6,B,City C,Normal,Male,Sports and travel,10.32,6,3.1,65.02,2025-04-13,09:45:55,Ewallet,61.92,4.76,3.1,5.0
ce1424dc,B,City C,Member,Male,Food and beverages,44.81,8,17.92,376.4,2024-07-31,06:48:07,Credit card,358.48,4.76,17.92,5.8
92e55030,B,City A,Normal,Female,Electronic accessories,78.44,5,19.61,411.81,2024-06-29,09:25:27,Cash,392.2,4.76,19.61,6.8
7259f7ed,C,City C,Member,Male,Fashion accessories,29.83,6,8.95,187.93,2024-11-28,12:39:28,Ewallet,178.98,4.76,8.95,9.2
f182443f,A,City B,Member,Male,Home and lifestyle,43.39,1,2.17,45.56,2024-09-27,13:25:50,Ewallet,43.39,4.76,2.17,5.0
d76e97c4,A,City C,Member,Male,Health and beauty,53.09,5,13.27,278.72,2024-05-09,03:51:17,Credit card,265.45,4.76,13.27,8.2
d60fbc3f,C,City C,Member,Male,Food and beverages,39.83,1,1.99,41.82,2024-11-18,04:10:42,Credit card,39.83,4.76,1.99,7.2
6ab09af6,B,City A,Member,Male,Home and lifestyle,94.55,10,47.28,992.78,2024-11-03,07:22:22,Cash,945.5,4.76,47.28,8.4
8dd6af4a,B,City B,Member,Female,Sports and travel,27.05,7,9.47,198.82,2024-05-21,17:37:35,Ewallet,189.35,4.76,9.47,9.9
d86110cb,A,City B,Member,Female,Sports and travel,46.01,7,16.1,338.17,2025-04-23,14:16:46,Ewallet,322.07,4.76,16.1,9.6
191a58f0,C,City C,Member,Male,Home and lifestyle,95.56,3,14.33,301.01,2024-05-24,03:09:14,Ewallet,286.68,4.76,14.33,7.4
2a00ef53,C,City A,Member,Female,Electronic accessories,15.5,9,6.98,146.48,2025-04-11,07:17:10,Cash,139.5,4.76,6.98,8.4
d0a33e9e,B,City A,Normal,Female,Fashion accessories,74.35,5,18.59,390.34,2024-10-02,07:18:36,Cash,371.75,4.76,18.59,4.4
fc0f375f,C,City C,Member,Female,Fashion accessories,95.29,5,23.82,500.27,2024-06-14,22:51:43,Ewallet,476.45,4.76,23.82,9.8
aead92da,B,City C,Member,Female,Electronic accessories,29.01,4,5.8,121.84,2024-12-21,04:05:38,Cash,116.04,4.76,5.8,7.4
f1cd8cf0,B,City B,Normal,Male,Home and lifestyle,19.53,1,0.98,20.51,2025-01-24,22:44:36,Credit card,19.53,4.76,0.98,7.3
95a1638d,A,City A,Member,Male,Electronic accessories,85.2,4,17.04,357.84,2024-08-15,13:31:02,Credit card,340.8,4.76,17.04,9.6
18411e68,A,City B,Member,Male,Electronic accessories,63.52,6,19.06,400.18,2025-02-10,00:34:33,Ewallet,381.12,4.76,19.06,4.1
3c33b98a,C,City A,Member,Female,Home and lifestyle,69.24,6,20.77,436.21,2024-06-22,06:57:41,Cash,415.44,4.76,20.77,7.4
cd9fca01,A,City C,Member,Male,Electronic accessories,70.76,1,3.54,74.3,2025-03-28,22:58:36,Ewallet,70.76,4.76,3.54,6.9
7bc3e88e,B,City B,Normal,Male,Home and lifestyle,39.67,8,15.87,333.23,2025-03-14,06:06:08,Cash,317.36,4.76,15.87,7.6
8b9d9441,B,City B,Normal,Female,Electronic accessories,54.1,3,8.12,170.42,2024-07-29,20:09:14,Ewallet,162.3,4.76,8.12,9.5
550bda1b,C,City A,Normal,Female,Sports and travel,41.86,1,2.09,43.95,2024-11-07,02:33:00,Cash,41.86,4.76,2.09,6.0
0cb8946f,B,City B,Normal,Male,Health and beauty,68.19,7,23.87,501.2,2024-11-29,13:37:52,Cash,477.33,4.76,23.87,4.1
0945ad06,B,City A,Member,Female,Home and lifestyle,56.29,5,14.07,295.52,2024-07-24,04:50:07,Cash,281.45,4.76,14.07,6.8
d94c6cbc,C,City C,Member,Female,Electronic accessories,89.24,3,13.39,281.11,2025-02-05,05:45:48,Credit card,267.72,4.76,13.39,4.7
74ac9fa2,B,City C,Normal,Female,Food and beverages,45.15,7,15.8,331.85,2024-11-08,21:37:13,Credit card,316.05,4.76,15.8,5.0
08c1437a,C,City B,Member,Male,Health and beauty,36.84,7,12.89,270.77,2024-08-11,12:43:41,Credit card,257.88,4.76,12.89,4.2
42e3e029,B,City C,Member,Male,Electronic accessories,37.14,6,11.14,233.98,2024-06-11,12:45:20,Credit card,222.84,4.76,11.14,5.5
f6dcc710,B,City A,Member,Male,Electronic accessories,37.0,7,12.95,271.95,2025-02-28,08:04:55,Credit card,259.0,4.76,12.95,4.1
85176a2b,A,City A,Member,Male,Sports and travel,26.72,7,9.35,196.39,2024-05-08,15:17:04,Credit card,187.04,4.76,9.35,9.5
eb914dc2,C,City C,Member,Female,Food and beverages,36.74,9,16.53,347.19,2024-11-15,15:49:59,Ewallet,330.66,4.76,16.53,7.7
c335d0c4,C,City C,Normal,Female,Health and beauty,20.76,2,2.08,43.6,2024-09-15,23:54:23,Cash,41.52,4.76,2.08,8.2
10f9cda3,A,City B,Normal,Male,Fashion accessories,30.76,8,12.3,258.38,2024-07-30,22:11:41,Credit card,246.08,4.76,12.3,8.7
b43ef2a8,B,City A,Normal,Female,Sports and travel,54.77,8,21.91,460.07,2024-05-25,06:20:23,Cash,438.16,4.76,21.91,7.7
b606c76c,B,City A,Normal,Male,Electronic accessories,93.42,5,23.36,490.46,2024-12-09,08:44:55,Cash,467.1,4.76,23.36,8.4
677b7107,B,City A,Member,Female,Health and beauty,29.34,7,10.27,215.65,2024-12-27,03:33:17,Cash,205.38,4.76,10.27,6.9
384eead2,C,City C,Normal,Male,Fashion accessories,16.18,10,8.09,169.89,2024-07-15,20:57:09,Ewallet,161.8,4.76,8.09,8.0
2a08a761,A,City B,Normal,Male,Food and beverages,47.57,10,23.79,499.49,2024-05-28,22:34:04,Cash,475.7,4.76,23.79,7.8
8350074b,C,City C,Normal,Male,Food and beverages,83.2,4,16.64,349.44,2024-10-21,22:42:06,Cash,332.8,4.76,16.64,7.9
49e32caa,B,City A,Normal,Female,Health and beauty,22.6,3,3.39,71.19,2024-12-21,22:01:38,Cash,67.8,4.76,3.39,8.5
6e97c317,B,City B,Member,Male,Health and beauty,10.62,3,1.59,33.45,2024-08-07,10:11:22,Credit card,31.86,4.76,1.59,7.4
647da006,C,City A,Member,Female,Electronic accessories,72.99,1,3.65,76.64,2024-12-03,12:06:53,Cash,72.99,4.76,3.65,6.3
49b07847,B,City C,Member,Male,Home and lifestyle,99.02,10,49.51,1039.71,2024-11-18,02:33:09,Credit card,990.2,4.76,49.51,7.9
a9dd5f69,A,City A,Normal,Male,Home and lifestyle,25.2,7,8.82,185.22,2024-10-20,14:45:24,Cash,176.4,4.76,8.82,6.3
